biorxiv_doi_url	pmcid_url	is_same_paper	comment
https://doi.org/10.1101/148494	https://www.ncbi.nlm.nih.gov/pmc/PMC6292624	T	
https://doi.org/10.1101/320200	https://www.ncbi.nlm.nih.gov/pmc/PMC6281320	T
https://doi.org/10.1101/376665	https://www.ncbi.nlm.nih.gov/pmc/PMC6602326	T
https://doi.org/10.1101/721621	https://www.ncbi.nlm.nih.gov/pmc/PMC6957298	T
https://doi.org/10.1101/201160	https://www.ncbi.nlm.nih.gov/pmc/PMC6428895	T
https://doi.org/10.1101/413450	https://www.ncbi.nlm.nih.gov/pmc/PMC2967545	T
https://doi.org/10.1101/283275	https://www.ncbi.nlm.nih.gov/pmc/PMC6205808	T
https://doi.org/10.1101/411736	https://www.ncbi.nlm.nih.gov/pmc/PMC6697328	T
https://doi.org/10.1101/352427	https://www.ncbi.nlm.nih.gov/pmc/PMC6222586	T
https://doi.org/10.1101/736231	https://www.ncbi.nlm.nih.gov/pmc/PMC6801956	T
https://doi.org/10.1101/659490	https://www.ncbi.nlm.nih.gov/pmc/PMC4416928	F
https://doi.org/10.1101/700468	https://www.ncbi.nlm.nih.gov/pmc/PMC6810669	T
https://doi.org/10.1101/819557	https://www.ncbi.nlm.nih.gov/pmc/PMC2898686	F
https://doi.org/10.1101/684670	https://www.ncbi.nlm.nih.gov/pmc/PMC6643387	F
https://doi.org/10.1101/512731	https://www.ncbi.nlm.nih.gov/pmc/PMC6543943	F
https://doi.org/10.1101/705905	https://www.ncbi.nlm.nih.gov/pmc/PMC6434864	F
https://doi.org/10.1101/859504	https://www.ncbi.nlm.nih.gov/pmc/PMC5953555	F
https://doi.org/10.1101/680967	https://www.ncbi.nlm.nih.gov/pmc/PMC5788627	F
https://doi.org/10.1101/535591	https://www.ncbi.nlm.nih.gov/pmc/PMC3291967	F
https://doi.org/10.1101/576561	https://www.ncbi.nlm.nih.gov/pmc/PMC6648340	T
https://doi.org/10.1101/574996	https://www.ncbi.nlm.nih.gov/pmc/PMC6479003	T
https://doi.org/10.1101/491092	https://www.ncbi.nlm.nih.gov/pmc/PMC6791559	T
https://doi.org/10.1101/466102	https://www.ncbi.nlm.nih.gov/pmc/PMC6615641	T
https://doi.org/10.1101/624577	https://www.ncbi.nlm.nih.gov/pmc/PMC6858807	T
https://doi.org/10.1101/069591	https://www.ncbi.nlm.nih.gov/pmc/PMC5310915	T
https://doi.org/10.1101/227181	https://www.ncbi.nlm.nih.gov/pmc/PMC4387527	F
https://doi.org/10.1101/341420	https://www.ncbi.nlm.nih.gov/pmc/PMC2677886	F
https://doi.org/10.1101/308601	https://www.ncbi.nlm.nih.gov/pmc/PMC6300616	T
https://doi.org/10.1101/680843	https://www.ncbi.nlm.nih.gov/pmc/PMC4432233	F
https://doi.org/10.1101/860130	https://www.ncbi.nlm.nih.gov/pmc/PMC6032149	F
https://doi.org/10.1101/501650	https://www.ncbi.nlm.nih.gov/pmc/PMC6620828	T
https://doi.org/10.1101/126672	https://www.ncbi.nlm.nih.gov/pmc/PMC5712619	T
https://doi.org/10.1101/663245	https://www.ncbi.nlm.nih.gov/pmc/PMC6131838	F
https://doi.org/10.1101/530741	https://www.ncbi.nlm.nih.gov/pmc/PMC4898710	F
https://doi.org/10.1101/850776	https://www.ncbi.nlm.nih.gov/pmc/PMC2615083	F
https://doi.org/10.1101/684910	https://www.ncbi.nlm.nih.gov/pmc/PMC6877087	T
https://doi.org/10.1101/260240	https://www.ncbi.nlm.nih.gov/pmc/PMC6351104	T
https://doi.org/10.1101/776930	https://www.ncbi.nlm.nih.gov/pmc/PMC6210049	T
https://doi.org/10.1101/096271	https://www.ncbi.nlm.nih.gov/pmc/PMC6149031	F
https://doi.org/10.1101/295543	https://www.ncbi.nlm.nih.gov/pmc/PMC6231766	T
https://doi.org/10.1101/784959	https://www.ncbi.nlm.nih.gov/pmc/PMC5688753	F
https://doi.org/10.1101/677856	https://www.ncbi.nlm.nih.gov/pmc/PMC4710743	F
https://doi.org/10.1101/2020.01.13.905521	https://www.ncbi.nlm.nih.gov/pmc/PMC5768352	F
https://doi.org/10.1101/376533	https://www.ncbi.nlm.nih.gov/pmc/PMC4140668	F
https://doi.org/10.1101/233015	https://www.ncbi.nlm.nih.gov/pmc/PMC5871743	T
https://doi.org/10.1101/179267	https://www.ncbi.nlm.nih.gov/pmc/PMC6562942	T
https://doi.org/10.1101/644856	https://www.ncbi.nlm.nih.gov/pmc/PMC6918075	T
https://doi.org/10.1101/792341	https://www.ncbi.nlm.nih.gov/pmc/PMC6952187	T
https://doi.org/10.1101/305482	https://www.ncbi.nlm.nih.gov/pmc/PMC6281428	T
https://doi.org/10.1101/2020.01.13.905521	https://www.ncbi.nlm.nih.gov/pmc/PMC4171638	F
https://doi.org/10.1101/548222	https://www.ncbi.nlm.nih.gov/pmc/PMC6813254	T
https://doi.org/10.1101/201343	https://www.ncbi.nlm.nih.gov/pmc/PMC4572532	F
https://doi.org/10.1101/701383	https://www.ncbi.nlm.nih.gov/pmc/PMC4575059	F
https://doi.org/10.1101/352963	https://www.ncbi.nlm.nih.gov/pmc/PMC6116183	F
https://doi.org/10.1101/528307	https://www.ncbi.nlm.nih.gov/pmc/PMC6906741	T
https://doi.org/10.1101/562975	https://www.ncbi.nlm.nih.gov/pmc/PMC6969417	T
https://doi.org/10.1101/350678	https://www.ncbi.nlm.nih.gov/pmc/PMC5008364	F
https://doi.org/10.1101/716134	https://www.ncbi.nlm.nih.gov/pmc/PMC3812281	F
https://doi.org/10.1101/513002	https://www.ncbi.nlm.nih.gov/pmc/PMC3899703	F
https://doi.org/10.1101/810440	https://www.ncbi.nlm.nih.gov/pmc/PMC6617189	F
https://doi.org/10.1101/366674	https://www.ncbi.nlm.nih.gov/pmc/PMC6683577	T
https://doi.org/10.1101/237107	https://www.ncbi.nlm.nih.gov/pmc/PMC6631443	T
https://doi.org/10.1101/627109	https://www.ncbi.nlm.nih.gov/pmc/PMC3754962	F
https://doi.org/10.1101/629980	https://www.ncbi.nlm.nih.gov/pmc/PMC6963503	T
https://doi.org/10.1101/422212	https://www.ncbi.nlm.nih.gov/pmc/PMC6324882	T
https://doi.org/10.1101/732420	https://www.ncbi.nlm.nih.gov/pmc/PMC6881298	T
https://doi.org/10.1101/134056	https://www.ncbi.nlm.nih.gov/pmc/PMC5303331	F
https://doi.org/10.1101/547687	https://www.ncbi.nlm.nih.gov/pmc/PMC6786870	T
https://doi.org/10.1101/428243	https://www.ncbi.nlm.nih.gov/pmc/PMC6801134	T
https://doi.org/10.1101/412346	https://www.ncbi.nlm.nih.gov/pmc/PMC6444521	T
https://doi.org/10.1101/287672	https://www.ncbi.nlm.nih.gov/pmc/PMC6147681	T
https://doi.org/10.1101/009100	https://www.ncbi.nlm.nih.gov/pmc/PMC4552029	T
https://doi.org/10.1101/657486	https://www.ncbi.nlm.nih.gov/pmc/PMC6971292	T
https://doi.org/10.1101/202986	https://www.ncbi.nlm.nih.gov/pmc/PMC5319032	F
https://doi.org/10.1101/573683	https://www.ncbi.nlm.nih.gov/pmc/PMC6797479	T
https://doi.org/10.1101/840579	https://www.ncbi.nlm.nih.gov/pmc/PMC6958766	F
https://doi.org/10.1101/513002	https://www.ncbi.nlm.nih.gov/pmc/PMC3545240	T
https://doi.org/10.1101/539791	https://www.ncbi.nlm.nih.gov/pmc/PMC6920352	T
https://doi.org/10.1101/218370	https://www.ncbi.nlm.nih.gov/pmc/PMC6180488	T
https://doi.org/10.1101/692251	https://www.ncbi.nlm.nih.gov/pmc/PMC3037662	F
https://doi.org/10.1101/754226	https://www.ncbi.nlm.nih.gov/pmc/PMC6936144	T
https://doi.org/10.1101/669465	https://www.ncbi.nlm.nih.gov/pmc/PMC6925257	T
https://doi.org/10.1101/361964	https://www.ncbi.nlm.nih.gov/pmc/PMC6627136	F
https://doi.org/10.1101/524124	https://www.ncbi.nlm.nih.gov/pmc/PMC6679413	T
https://doi.org/10.1101/321265	https://www.ncbi.nlm.nih.gov/pmc/PMC6257813	T
https://doi.org/10.1101/680843	https://www.ncbi.nlm.nih.gov/pmc/PMC6379322	T
https://doi.org/10.1101/837385	https://www.ncbi.nlm.nih.gov/pmc/PMC6163539	F
https://doi.org/10.1101/106393	https://www.ncbi.nlm.nih.gov/pmc/PMC4141799	F
https://doi.org/10.1101/787119	https://www.ncbi.nlm.nih.gov/pmc/PMC5794462	F
https://doi.org/10.1101/492330	https://www.ncbi.nlm.nih.gov/pmc/PMC5656197	F
https://doi.org/10.1101/447433	https://www.ncbi.nlm.nih.gov/pmc/PMC6579541	T
https://doi.org/10.1101/191544	https://www.ncbi.nlm.nih.gov/pmc/PMC6219562	T
https://doi.org/10.1101/660837	https://www.ncbi.nlm.nih.gov/pmc/PMC6709600	F
https://doi.org/10.1101/043471	https://www.ncbi.nlm.nih.gov/pmc/PMC5035412	T
https://doi.org/10.1101/604181	https://www.ncbi.nlm.nih.gov/pmc/PMC6947807	T
https://doi.org/10.1101/432195	https://www.ncbi.nlm.nih.gov/pmc/PMC6478374	T
https://doi.org/10.1101/599688	https://www.ncbi.nlm.nih.gov/pmc/PMC6657811	T
https://doi.org/10.1101/347021	https://www.ncbi.nlm.nih.gov/pmc/PMC6234284	T
https://doi.org/10.1101/293662	https://www.ncbi.nlm.nih.gov/pmc/PMC6258530	T
https://doi.org/10.1101/161877	https://www.ncbi.nlm.nih.gov/pmc/PMC6211453	T
https://doi.org/10.1101/475244	https://www.ncbi.nlm.nih.gov/pmc/PMC6721383	T
https://doi.org/10.1101/575761	https://www.ncbi.nlm.nih.gov/pmc/PMC6664724	T
https://doi.org/10.1101/2020.01.07.897132	https://www.ncbi.nlm.nih.gov/pmc/PMC5391200	F
https://doi.org/10.1101/335638	https://www.ncbi.nlm.nih.gov/pmc/PMC6478270	T
https://doi.org/10.1101/088633	https://www.ncbi.nlm.nih.gov/pmc/PMC6406291	T
https://doi.org/10.1101/598847	https://www.ncbi.nlm.nih.gov/pmc/PMC6776432	F
https://doi.org/10.1101/443663	https://www.ncbi.nlm.nih.gov/pmc/PMC5355122	F
https://doi.org/10.1101/658880	https://www.ncbi.nlm.nih.gov/pmc/PMC6963198	T
https://doi.org/10.1101/499186	https://www.ncbi.nlm.nih.gov/pmc/PMC6337709	F
https://doi.org/10.1101/074450	https://www.ncbi.nlm.nih.gov/pmc/PMC5776756	F
https://doi.org/10.1101/018069	https://www.ncbi.nlm.nih.gov/pmc/PMC2577700	F
https://doi.org/10.1101/261412	https://www.ncbi.nlm.nih.gov/pmc/PMC6191699	T
https://doi.org/10.1101/145441	https://www.ncbi.nlm.nih.gov/pmc/PMC6204345	F
https://doi.org/10.1101/765305	https://www.ncbi.nlm.nih.gov/pmc/PMC5975655	F
https://doi.org/10.1101/492876	https://www.ncbi.nlm.nih.gov/pmc/PMC5507356	F
https://doi.org/10.1101/642769	https://www.ncbi.nlm.nih.gov/pmc/PMC6795488	T
https://doi.org/10.1101/450262	https://www.ncbi.nlm.nih.gov/pmc/PMC6642133	T
https://doi.org/10.1101/141549	https://www.ncbi.nlm.nih.gov/pmc/PMC6482572	F
https://doi.org/10.1101/492330	https://www.ncbi.nlm.nih.gov/pmc/PMC4669865	F
https://doi.org/10.1101/684738	https://www.ncbi.nlm.nih.gov/pmc/PMC6978380	T
https://doi.org/10.1101/577148	https://www.ncbi.nlm.nih.gov/pmc/PMC6657830	T
https://doi.org/10.1101/325712	https://www.ncbi.nlm.nih.gov/pmc/PMC6530996	T
https://doi.org/10.1101/765743	https://www.ncbi.nlm.nih.gov/pmc/PMC6435551	F
https://doi.org/10.1101/753046	https://www.ncbi.nlm.nih.gov/pmc/PMC5079800	F
https://doi.org/10.1101/477877	https://www.ncbi.nlm.nih.gov/pmc/PMC6010719	F
https://doi.org/10.1101/190728	https://www.ncbi.nlm.nih.gov/pmc/PMC6092874	T
https://doi.org/10.1101/182998	https://www.ncbi.nlm.nih.gov/pmc/PMC5788660	T
https://doi.org/10.1101/332023	https://www.ncbi.nlm.nih.gov/pmc/PMC6345990	T
https://doi.org/10.1101/261321	https://www.ncbi.nlm.nih.gov/pmc/PMC6357748	T
https://doi.org/10.1101/514406	https://www.ncbi.nlm.nih.gov/pmc/PMC6925891	T
https://doi.org/10.1101/425272	https://www.ncbi.nlm.nih.gov/pmc/PMC5342385	F	No Authors
https://doi.org/10.1101/821124	https://www.ncbi.nlm.nih.gov/pmc/PMC6222362	F
https://doi.org/10.1101/664516	https://www.ncbi.nlm.nih.gov/pmc/PMC5646813	F
https://doi.org/10.1101/151464	https://www.ncbi.nlm.nih.gov/pmc/PMC5802320	T
https://doi.org/10.1101/860130	https://www.ncbi.nlm.nih.gov/pmc/PMC4653333	F
https://doi.org/10.1101/652511	https://www.ncbi.nlm.nih.gov/pmc/PMC3768959	F
https://doi.org/10.1101/745562	https://www.ncbi.nlm.nih.gov/pmc/PMC6078317	F
https://doi.org/10.1101/608133	https://www.ncbi.nlm.nih.gov/pmc/PMC6876890	T
https://doi.org/10.1101/380659	https://www.ncbi.nlm.nih.gov/pmc/PMC6718663	T
https://doi.org/10.1101/121012	https://www.ncbi.nlm.nih.gov/pmc/PMC3680438	F
https://doi.org/10.1101/274522	https://www.ncbi.nlm.nih.gov/pmc/PMC6180652	T
https://doi.org/10.1101/062844	https://www.ncbi.nlm.nih.gov/pmc/PMC6358928	F
https://doi.org/10.1101/2020.01.14.905869	https://www.ncbi.nlm.nih.gov/pmc/PMC4570686	F
https://doi.org/10.1101/491779	https://www.ncbi.nlm.nih.gov/pmc/PMC6739341	T
https://doi.org/10.1101/015123	https://www.ncbi.nlm.nih.gov/pmc/PMC5564826	F
https://doi.org/10.1101/591404	https://www.ncbi.nlm.nih.gov/pmc/PMC6880546	T
https://doi.org/10.1101/026443	https://www.ncbi.nlm.nih.gov/pmc/PMC5850688	T
https://doi.org/10.1101/723015	https://www.ncbi.nlm.nih.gov/pmc/PMC6959988	T
https://doi.org/10.1101/388280	https://www.ncbi.nlm.nih.gov/pmc/PMC6957234	T
https://doi.org/10.1101/720219	https://www.ncbi.nlm.nih.gov/pmc/PMC6776352	T
https://doi.org/10.1101/293985	https://www.ncbi.nlm.nih.gov/pmc/PMC4015774	F
https://doi.org/10.1101/067850	https://www.ncbi.nlm.nih.gov/pmc/PMC5286425	T
https://doi.org/10.1101/704718	https://www.ncbi.nlm.nih.gov/pmc/PMC3315705	F
https://doi.org/10.1101/110031	https://www.ncbi.nlm.nih.gov/pmc/PMC5687760	T
https://doi.org/10.1101/613281	https://www.ncbi.nlm.nih.gov/pmc/PMC6734240	T
https://doi.org/10.1101/429159	https://www.ncbi.nlm.nih.gov/pmc/PMC6513847	T
https://doi.org/10.1101/223289	https://www.ncbi.nlm.nih.gov/pmc/PMC6468682	F	PDF messed up
https://doi.org/10.1101/157776	https://www.ncbi.nlm.nih.gov/pmc/PMC5786029	T
https://doi.org/10.1101/475889	https://www.ncbi.nlm.nih.gov/pmc/PMC6917748	T
https://doi.org/10.1101/369876	https://www.ncbi.nlm.nih.gov/pmc/PMC6548991	T
https://doi.org/10.1101/073668	https://www.ncbi.nlm.nih.gov/pmc/PMC5310760	T
https://doi.org/10.1101/772061	https://www.ncbi.nlm.nih.gov/pmc/PMC6321370	F
https://doi.org/10.1101/614479	https://www.ncbi.nlm.nih.gov/pmc/PMC6829122	T
https://doi.org/10.1101/078642	https://www.ncbi.nlm.nih.gov/pmc/PMC5408850	T
https://doi.org/10.1101/680843	https://www.ncbi.nlm.nih.gov/pmc/PMC6661262	F
https://doi.org/10.1101/821801	https://www.ncbi.nlm.nih.gov/pmc/PMC5403693	F
https://doi.org/10.1101/231472	https://www.ncbi.nlm.nih.gov/pmc/PMC6105587	T
https://doi.org/10.1101/247635	https://www.ncbi.nlm.nih.gov/pmc/PMC6170548	T
https://doi.org/10.1101/734855	https://www.ncbi.nlm.nih.gov/pmc/PMC5344575	F
https://doi.org/10.1101/494609	https://www.ncbi.nlm.nih.gov/pmc/PMC6871517	T
https://doi.org/10.1101/283853	https://www.ncbi.nlm.nih.gov/pmc/PMC6224193	T
https://doi.org/10.1101/797696	https://www.ncbi.nlm.nih.gov/pmc/PMC5102092	F
https://doi.org/10.1101/620351	https://www.ncbi.nlm.nih.gov/pmc/PMC6200363	F
https://doi.org/10.1101/703397	https://www.ncbi.nlm.nih.gov/pmc/PMC4123945	F
https://doi.org/10.1101/313957	https://www.ncbi.nlm.nih.gov/pmc/PMC5663563	F
https://doi.org/10.1101/141903	https://www.ncbi.nlm.nih.gov/pmc/PMC6053776	T
https://doi.org/10.1101/489534	https://www.ncbi.nlm.nih.gov/pmc/PMC6640297	T
https://doi.org/10.1101/495465	https://www.ncbi.nlm.nih.gov/pmc/PMC6450368	T
https://doi.org/10.1101/015123	https://www.ncbi.nlm.nih.gov/pmc/PMC5346665	F
https://doi.org/10.1101/680843	https://www.ncbi.nlm.nih.gov/pmc/PMC3261042	F
https://doi.org/10.1101/530758	https://www.ncbi.nlm.nih.gov/pmc/PMC6663035	T
https://doi.org/10.1101/287755	https://www.ncbi.nlm.nih.gov/pmc/PMC6213907	T
https://doi.org/10.1101/680843	https://www.ncbi.nlm.nih.gov/pmc/PMC6019108	F
https://doi.org/10.1101/532457	https://www.ncbi.nlm.nih.gov/pmc/PMC6942265	F
https://doi.org/10.1101/807727	https://www.ncbi.nlm.nih.gov/pmc/PMC6957296	F
https://doi.org/10.1101/504308	https://www.ncbi.nlm.nih.gov/pmc/PMC6928236	T
https://doi.org/10.1101/691600	https://www.ncbi.nlm.nih.gov/pmc/PMC6952115	T
https://doi.org/10.1101/734079	https://www.ncbi.nlm.nih.gov/pmc/PMC6908432	T
https://doi.org/10.1101/666297	https://www.ncbi.nlm.nih.gov/pmc/PMC6751056	T
https://doi.org/10.1101/172841	https://www.ncbi.nlm.nih.gov/pmc/PMC6033927	F	Bad loading link
https://doi.org/10.1101/069336	https://www.ncbi.nlm.nih.gov/pmc/PMC3985917	F
https://doi.org/10.1101/531749	https://www.ncbi.nlm.nih.gov/pmc/PMC6721284	T
https://doi.org/10.1101/765743	https://www.ncbi.nlm.nih.gov/pmc/PMC5386524	F
https://doi.org/10.1101/362426	https://www.ncbi.nlm.nih.gov/pmc/PMC6680879	F
https://doi.org/10.1101/187294	https://www.ncbi.nlm.nih.gov/pmc/PMC6325557	T
https://doi.org/10.1101/333609	https://www.ncbi.nlm.nih.gov/pmc/PMC6756731	T
https://doi.org/10.1101/384297	https://www.ncbi.nlm.nih.gov/pmc/PMC6317208	T
https://doi.org/10.1101/055756	https://www.ncbi.nlm.nih.gov/pmc/PMC5210586	T
https://doi.org/10.1101/581785	https://www.ncbi.nlm.nih.gov/pmc/PMC6615859	T
https://doi.org/10.1101/142471	https://www.ncbi.nlm.nih.gov/pmc/PMC5815852	T
